Campaign,Ad group,Keyword,Criterion Type,Status
PL | Toruń | Sesje rodzinne | Search,Sesje rodzinne Toruń,sesja rodzinna toruń,Exact,Paused
PL | Toruń | Sesje rodzinne | Search,Sesje rodzinne Toruń,sesja rodzinna toruń,Phrase,Paused
PL | Toruń | Sesje rodzinne | Search,Sesje rodzinne Toruń,fotograf rodzinny toruń,Exact,Paused
PL | Toruń | Sesje rodzinne | Search,Sesje rodzinne Toruń,fotograf rodzinny toruń,Phrase,Paused
PL | Toruń | Sesje rodzinne | Search,Sesje rodzinne Toruń,sesja zdjęciowa rodzinna toruń,Exact,Paused
PL | Toruń | Sesje rodzinne | Search,Sesje rodzinne Toruń,sesja zdjęciowa rodzinna toruń,Phrase,Paused
PL | Toruń | Sesje rodzinne | Search,Sesje rodzinne Toruń,zdjęcia rodzinne toruń,Exact,Paused
PL | Toruń | Sesje rodzinne | Search,Sesje rodzinne Toruń,zdjęcia rodzinne toruń,Phrase,Paused
PL | Toruń | Sesje rodzinne | Search,Sesje rodzinne Toruń,sesja rodzinna w plenerze toruń,Exact,Paused
PL | Toruń | Sesje rodzinne | Search,Sesje rodzinne Toruń,sesja rodzinna w plenerze toruń,Phrase,Paused
